"TEST",great_job,thumbs_up,important
"TEST",great_job,thumbs_up,important
"TEST",great_job,thumbs_up,important
"HIHI",great_job,thumbs_up,congrats
"HAHA",great_job,thumbs_up,thumbs_down
"HAHA",great_job,thumbs_up,thumbs_down
"TEST",great_job,thumbs_up,important
"HIHI",great_job,thumbs_up,congrats
"HAHA",great_job,thumbs_up,thumbs_down
"HIHI",great_job,thumbs_up,congrats
"TEST",great_job,thumbs_up,important
"TEST",great_job,thumbs_up,important
"HAHA",great_job,thumbs_up,thumbs_down
"HAHA",great_job,thumbs_up,thumbs_down
"HIHI",great_job,thumbs_up,congrats
"HIHI",great_job,thumbs_up,congrats
"TEST",great_job,thumbs_up,important
"A B C D E",A,B,C
"A B C D E",A,B,C
"A B C D E",A,B,C
"E",A,B,C
"D",great_job,thumbs_up,thumbs_down
"C",great_job,thumbs_up,thumbs_down
"A",great_job,thumbs_up,important
"B",great_job,thumbs_up,congrats
"Arthur",great_job,thumbs_up,important
"A",great_job,thumbs_up,important
